Fold,precision_0,recall_0,f-score_0,precision_1,recall_1,f-score_1,accuracy,mcc,threshold
1,0.960122699386503,0.979144942648592,0.969540526587506,0.83739837398374,0.725352112676056,0.777358490566038,0.946412352406903,0.749567373722129,0.5
2,0.94383149448345,0.981230448383733,0.962167689161554,0.826923076923077,0.605633802816901,0.699186991869919,0.932788374205268,0.672553569916893,0.5
3,0.961816305469556,0.9718456725756,0.966804979253112,0.795454545454545,0.73943661971831,0.766423357664233,0.941871026339691,0.733916443972101,0.5
4,0.951612903225806,0.984358706986444,0.967708867247565,0.862385321100918,0.661971830985916,0.749003984063745,0.942779291553133,0.725335722433162,0.5
5,0.961934156378601,0.974973931178311,0.968410150181253,0.813953488372093,0.73943661971831,0.774907749077491,0.944595821980018,0.744514821692775,0.5
6,0.960905349794239,0.974947807933194,0.967875647668394,0.813953488372093,0.734265734265734,0.772058823529412,0.943687556766576,0.741309909093417,0.5
7,0.959958932238193,0.975991649269311,0.967908902691511,0.818897637795276,0.727272727272727,0.77037037037037,0.943687556766576,0.740095993868537,0.5
8,0.95643153526971,0.962421711899791,0.959417273673257,0.735294117647059,0.704225352112676,0.719424460431655,0.929090909090909,0.679070596933095,0.5
9,0.96220633299285,0.983298538622129,0.972638100154879,0.867768595041322,0.73943661971831,0.798479087452471,0.951818181818182,0.774501169160752,0.5
